{
    "conta": [
        {
            "id": 10021,
            "password": "abc2345H",
            "nome": "Joao das Coves",
            "sobrenome": "One of These Days",
            "balance": 1150.0,
            "type": "c",
            "endereco": "Avenida Nunca sera",
            "telefone": "3323-2015",
            "profissao": "Feirante",
            "rendaMensal": 1200.0
        },
        {
            "id": 10022,
            "password": "acb2345H",
            "nome": "Joao Doria",
            "sobrenome": "Silva",
            "type": "G"
        },
        {
            "id": 10023,
            "password": "newPassho",
            "nome": "One of these Days",
            "sobrenome": "But its Alright",
            "balance": 0.0,
            "type": "c",
            "endereco": "rui barbosa 1198",
            "telefone": "3333-5641",
            "profissao": "arquiteto",
            "rendaMensal": 5000.0
        },
        {
            "id": 10024,
            "password": "umasenha",
            "nome": "Easy for you to say",
            "sobrenome": "One of these Days",
            "balance": 0.0,
            "type": "c",
            "endereco": "Their Bombs will drop",
            "telefone": "5641-6543",
            "profissao": "Professor",
            "rendaMensal": 5000.56
        }
    ]
}