{
    "conta": [
        {
            "id": 10021,
            "password": "abc2345H",
            "nome": "Joao das Coves",
            "balance": 1000.0,
            "type": "c",
            "endereco": "Avenida Nunca sera",
            "telefone": "3323-2015",
            "profissao": "Feirante",
            "rendaMensal": 1200.0
        },
        {
            "id": 10022,
            "password": "acb2345H",
            "nome": "Joao Doria",
            "type": "G"
        },
        {
            "id": 10023,
            "password": "newPassho",
            "nome": "novo cliente",
            "balance": 0.0,
            "type": "c",
            "endereco": "rui barbosa 1198",
            "telefone": "3333-5641",
            "profissao": "arquiteto",
            "rendaMensal": 5000.0
        }
    ]
}